time,status,battery_current,battery_voltage,battery_level,groundspeed,attitude_y,attitude_x,attitude_z,home_y,home_x,home_z,gimbalRotation_y,gimbalRotation_x,gimbalRotation_z,armed,armable,airspeed,id,location_y,location_x,location_z,velocity_y,velocity_x,velocity_z,heading,mode,
2017-07-18 12:24:21.121,ACTIVE,0.0,0.0,100,0.0,0.10829530656337738,0.00011913018533959985,-0.00014320020272862166,0,0,0,0,0,0,False,False,0.0,SITL_0,0.0,0.0,0.0,0.0,0.0,0.0,6,STABILIZE
2017-07-18 12:24:21.221,ACTIVE,0.0,0.0,100,0.0,0.10829530656337738,0.00011913018533959985,-0.00014320020272862166,0,0,0,0,0,0,False,False,0.0,SITL_0,0.0,0.0,0.0,0.0,0.0,0.0,6,STABILIZE
2017-07-18 12:24:21.321,ACTIVE,0.0,12.587,100,0.0,0.10833724588155746,0.00016106302791740745,-0.00011037971853511408,0,0,0,0,0,0,False,False,0.0,SITL_0,0.0,0.0,0.0,0.0,0.0,0.0,6,STABILIZE
2017-07-18 12:24:21.421,ACTIVE,0.0,12.587,100,0.0,0.10833724588155746,0.00016106302791740745,-0.00011037971853511408,0,0,0,0,0,0,False,False,0.0,SITL_0,0.0,0.0,0.0,0.0,0.0,0.0,6,STABILIZE
2017-07-18 12:24:21.521,ACTIVE,0.0,12.587,100,0.0,0.10833724588155746,0.00016106302791740745,-0.00011037971853511408,0,0,0,0,0,0,False,False,0.0,SITL_0,0.0,0.0,0.0,0.0,0.0,0.0,6,STABILIZE
2017-07-18 12:24:21.621,ACTIVE,0.0,12.587,100,0.0,0.10839620232582092,0.00020512467017397285,-7.718797132838517e-05,0,0,0,0,0,0,False,False,0.0,SITL_0,0.0,0.0,0.0,0.0,0.0,0.0,6,STABILIZE
2017-07-18 12:24:21.721,ACTIVE,0.0,12.587,100,0.0,0.10839620232582092,0.00020512467017397285,-7.718797132838517e-05,0,0,0,0,0,0,False,False,0.0,SITL_0,0.0,0.0,0.0,0.0,0.0,0.0,6,STABILIZE
2017-07-18 12:24:21.821,ACTIVE,0.0,12.587,100,0.0,0.10844847559928894,0.00022978344350121915,-5.928322207182646e-05,0,0,0,0,0,0,False,False,0.0,SITL_0,0.0,0.0,0.0,0.0,0.0,0.0,6,STABILIZE
2017-07-18 12:24:21.921,ACTIVE,0.0,12.587,100,0.0,0.10844847559928894,0.00022978344350121915,-5.928322207182646e-05,0,0,0,0,0,0,False,False,0.0,SITL_0,0.0,0.0,0.0,0.0,0.0,0.0,6,STABILIZE
2017-07-18 12:24:22.021,STANDBY,0.0,12.587,100,0.0,0.10849857330322266,0.00024978024885058403,-4.3897809518966824e-05,0,0,0,0,0,0,False,False,0.0,SITL_0,0.0,0.0,0.0,0.0,0.0,0.0,6,STABILIZE
2017-07-18 12:24:22.121,STANDBY,0.0,12.587,100,0.0,0.10849857330322266,0.00024978024885058403,-4.3897809518966824e-05,0,0,0,0,0,0,False,False,0.0,SITL_0,0.0,0.0,0.0,0.0,0.0,0.0,6,STABILIZE
2017-07-18 12:24:22.221,STANDBY,0.0,12.587,100,0.0,0.10849857330322266,0.00024978024885058403,-4.3897809518966824e-05,0,0,0,0,0,0,False,False,0.0,SITL_0,0.0,0.0,0.0,0.0,0.0,0.0,6,STABILIZE
2017-07-18 12:24:22.321,STANDBY,0.0,12.587,100,0.000425901554991,0.10814035683870316,0.00019120988145004958,-0.0001787095534382388,0,0,0,0,0,0,False,False,0.0,SITL_0,0.0,0.0,0.0,0.0,0.0,-0.01,6,STABILIZE
2017-07-18 12:24:22.421,STANDBY,0.0,12.587,100,0.000425901554991,0.10814035683870316,0.00019120988145004958,-0.0001787095534382388,0,0,0,0,0,0,False,False,0.0,SITL_0,0.0,0.0,0.0,0.0,0.0,-0.01,6,STABILIZE
2017-07-18 12:24:22.521,STANDBY,0.0,12.587,100,0.000425901554991,0.10814035683870316,0.00019120988145004958,-0.0001787095534382388,0,0,0,0,0,0,False,False,0.0,SITL_0,0.0,0.0,0.0,0.0,0.0,-0.01,6,STABILIZE
2017-07-18 12:24:22.621,STANDBY,0.0,12.587,100,0.000867868715432,0.10818798094987869,0.00023855690960772336,-0.00012773829803336412,0,0,0,0,0,0,False,False,0.0,SITL_0,0.0,0.0,0.0,0.0,0.0,-0.02,6,STABILIZE
2017-07-18 12:24:22.721,STANDBY,0.0,12.587,100,0.000867868715432,0.10818798094987869,0.00023855690960772336,-0.00012773829803336412,0,0,0,0,0,0,False,False,0.0,SITL_0,0.0,0.0,0.0,0.0,0.0,-0.02,6,STABILIZE
2017-07-18 12:24:22.821,STANDBY,0.0,12.587,100,0.00125179544557,0.108221136033535,0.00028404590557329357,-8.897651423467323e-05,0,0,0,0,0,0,False,False,0.0,SITL_0,0.0,0.0,0.0,0.0,0.0,-0.02,6,STABILIZE
2017-07-18 12:24:22.921,STANDBY,0.0,12.587,100,0.00125179544557,0.108221136033535,0.00028404590557329357,-8.897651423467323e-05,0,0,0,0,0,0,False,False,0.0,SITL_0,0.0,0.0,0.0,0.0,0.0,-0.02,6,STABILIZE
2017-07-18 12:24:23.021,STANDBY,0.0,12.587,100,0.00110160920303,0.10829999297857285,0.0002975927200168371,-2.7237756512477063e-05,0,0,0,0,0,0,False,False,0.0,SITL_0,0.0,0.0,0.0,0.0,0.0,-0.02,6,STABILIZE
2017-07-18 12:24:23.121,STANDBY,0.0,12.587,100,0.00110160920303,0.10829999297857285,0.0002975927200168371,-2.7237756512477063e-05,0,0,0,0,0,0,False,False,0.0,SITL_0,0.0,0.0,0.0,0.0,0.0,-0.02,6,STABILIZE
2017-07-18 12:24:23.221,STANDBY,0.0,12.587,100,0.00116219406482,0.10839182138442993,0.00030308691202662885,4.096306292922236e-05,0,0,0,0,0,0,False,False,0.0,SITL_0,0.0,0.0,0.0,0.0,0.0,-0.02,6,STABILIZE
2017-07-18 12:24:23.321,STANDBY,0.0,12.587,100,0.00116219406482,0.10839182138442993,0.00030308691202662885,4.096306292922236e-05,0,0,0,0,0,0,False,False,0.0,SITL_0,0.0,0.0,0.0,0.0,0.0,-0.02,6,STABILIZE
2017-07-18 12:24:23.421,STANDBY,0.0,12.587,100,0.00116219406482,0.10839182138442993,0.00030308691202662885,4.096306292922236e-05,0,0,0,0,0,0,False,False,0.0,SITL_0,0.0,0.0,0.0,0.0,0.0,-0.02,6,STABILIZE
2017-07-18 12:24:23.521,STANDBY,0.0,12.587,100,0.00150682311505,0.10850023478269577,0.00031796752591617405,9.24828345887363e-05,0,0,0,0,0,0,False,False,0.0,SITL_0,0.0,0.0,0.0,0.0,0.0,-0.02,6,STABILIZE
2017-07-18 12:24:23.621,STANDBY,0.0,12.587,100,0.00150682311505,0.10850023478269577,0.00031796752591617405,9.24828345887363e-05,0,0,0,0,0,0,False,False,0.0,SITL_0,0.0,0.0,0.0,0.0,0.0,-0.02,6,STABILIZE
2017-07-18 12:24:23.721,STANDBY,0.0,12.587,100,0.00197805813514,0.10743731260299683,0.0003426996117923409,0.00011862035898957402,0,0,0,0,0,0,False,False,0.0,SITL_0,-86.24,41.519408,-0.02,0.0,0.0,-0.02,6,STABILIZE
2017-07-18 12:24:23.821,STANDBY,0.0,12.587,100,0.00197805813514,0.10743731260299683,0.0003426996117923409,0.00011862035898957402,0,0,0,0,0,0,False,False,0.0,SITL_0,-86.24,41.519408,-0.02,0.0,0.0,-0.02,6,STABILIZE
2017-07-18 12:24:23.921,STANDBY,0.0,12.587,100,0.00197805813514,0.10743731260299683,0.0003426996117923409,0.00011862035898957402,0,0,0,0,0,0,False,False,0.0,SITL_0,-86.24,41.519408,-0.02,0.0,0.0,-0.02,6,STABILIZE
2017-07-18 12:24:24.021,STANDBY,0.0,12.587,100,0.00240507046692,0.10114255547523499,0.0003764083085115999,0.0001399185712216422,0,0,0,0,0,0,False,False,0.0,SITL_0,-86.24,41.519408,-0.02,0.0,0.0,-0.02,5,STABILIZE
2017-07-18 12:24:24.121,STANDBY,0.0,12.587,100,0.00240507046692,0.10114255547523499,0.0003764083085115999,0.0001399185712216422,0,0,0,0,0,0,False,False,0.0,SITL_0,-86.24,41.519408,-0.02,0.0,0.0,-0.02,5,STABILIZE
2017-07-18 12:24:24.221,STANDBY,0.0,12.587,100,0.00275811203755,0.09195522964000702,0.00041246492764912546,0.00014332578575704247,0,0,0,0,0,0,False,False,0.0,SITL_0,-86.24,41.519408,-0.02,0.0,0.0,-0.01,5,STABILIZE
2017-07-18 12:24:24.321,STANDBY,0.0,12.587,100,0.00275811203755,0.09195522964000702,0.00041246492764912546,0.00014332578575704247,0,0,0,0,0,0,False,False,0.0,SITL_0,-86.24,41.519408,-0.02,0.0,0.0,-0.01,5,STABILIZE
2017-07-18 12:24:24.421,STANDBY,0.0,12.587,100,0.00300092343241,0.08268233388662338,0.00044769523083232343,0.00014836298942100257,0,0,0,0,0,0,False,False,0.0,SITL_0,-86.24,41.519408,-0.02,0.0,0.0,-0.01,4,STABILIZE
2017-07-18 12:24:24.521,STANDBY,0.0,12.587,100,0.00300092343241,0.08268233388662338,0.00044769523083232343,0.00014836298942100257,0,0,0,0,0,0,False,False,0.0,SITL_0,-86.24,41.519408,-0.02,0.0,0.0,-0.01,4,STABILIZE
2017-07-18 12:24:24.621,STANDBY,0.0,12.587,100,0.00300092343241,0.08268233388662338,0.00044769523083232343,0.00014836298942100257,0,0,0,0,0,0,False,False,0.0,SITL_0,-86.24,41.519408,-0.02,0.0,0.0,-0.01,4,STABILIZE
2017-07-18 12:24:24.721,STANDBY,0.0,12.587,100,0.00338524812832,0.07451393455266953,0.0004804388154298067,0.00015333734336309135,0,0,0,0,0,0,False,False,0.0,SITL_0,-86.24,41.519408,-0.01,0.0,0.0,0.0,4,STABILIZE
2017-07-18 12:24:24.821,STANDBY,0.0,12.587,100,0.00338524812832,0.07451393455266953,0.0004804388154298067,0.00015333734336309135,0,0,0,0,0,0,False,False,0.0,SITL_0,-86.24,41.519408,-0.01,0.0,0.0,0.0,4,STABILIZE
2017-07-18 12:24:24.921,STANDBY,0.0,12.587,100,0.00383343338035,0.06758629530668259,0.0005134223611094058,0.00015337715740315616,0,0,0,0,0,0,False,False,0.0,SITL_0,-86.24,41.519408,-0.01,0.0,0.0,0.0,3,STABILIZE
2017-07-18 12:24:25.021,STANDBY,0.0,12.587,100,0.00383343338035,0.06758629530668259,0.0005134223611094058,0.00015337715740315616,0,0,0,0,0,0,False,False,0.0,SITL_0,-86.24,41.519408,-0.01,0.0,0.0,0.0,3,STABILIZE
2017-07-18 12:24:25.121,STANDBY,0.0,12.587,100,0.00448736827821,0.06156918779015541,0.0005382407107390463,0.000164702461916022,0,0,0,0,0,0,False,False,0.0,SITL_0,-86.24,41.519408,0.0,0.0,0.0,0.0,3,STABILIZE
2017-07-18 12:24:25.221,STANDBY,0.0,12.587,100,0.00448736827821,0.06156918779015541,0.0005382407107390463,0.000164702461916022,0,0,0,0,0,0,False,False,0.0,SITL_0,-86.24,41.519408,0.0,0.0,0.0,0.0,3,STABILIZE
2017-07-18 12:24:25.321,STANDBY,0.0,12.587,100,0.00448736827821,0.06156918779015541,0.0005382407107390463,0.000164702461916022,0,0,0,0,0,0,False,False,0.0,SITL_0,-86.24,41.519408,0.0,0.0,0.0,0.0,3,STABILIZE
2017-07-18 12:24:25.421,STANDBY,0.0,12.587,100,0.0047682817094,0.05618727207183838,0.0005453707417473197,0.00016071143909357488,0,0,0,0,0,0,False,False,0.0,SITL_0,-86.24,41.519408,0.0,0.0,0.0,0.0,3,STABILIZE
2017-07-18 12:24:25.521,STANDBY,0.0,12.587,100,0.0047682817094,0.05618727207183838,0.0005453707417473197,0.00016071143909357488,0,0,0,0,0,0,False,False,0.0,SITL_0,-86.24,41.519408,0.0,0.0,0.0,0.0,3,STABILIZE
2017-07-18 12:24:25.621,STANDBY,0.0,12.587,100,0.00514214718714,0.051281291991472244,0.0005413158796727657,0.0001767127396306023,0,0,0,0,0,0,False,False,0.0,SITL_0,-86.24,41.519408,0.0,0.0,0.0,0.0,2,STABILIZE
2017-07-18 12:24:25.721,STANDBY,0.0,12.587,100,0.00514214718714,0.051281291991472244,0.0005413158796727657,0.0001767127396306023,0,0,0,0,0,0,False,False,0.0,SITL_0,-86.24,41.519408,0.0,0.0,0.0,0.0,2,STABILIZE
2017-07-18 12:24:25.821,STANDBY,0.0,12.587,100,0.00514214718714,0.051281291991472244,0.0005413158796727657,0.0001767127396306023,0,0,0,0,0,0,False,False,0.0,SITL_0,-86.24,41.519408,0.0,0.0,0.0,0.0,2,STABILIZE
2017-07-18 12:24:25.921,STANDBY,0.0,12.587,100,0.00535667827353,0.04677414894104004,0.0005355026805773377,0.00016313590458594263,0,0,0,0,0,0,False,False,0.0,SITL_0,-86.24,41.519408,0.0,0.0,0.0,0.0,2,STABILIZE
2017-07-18 12:24:26.021,STANDBY,0.0,12.587,100,0.00535667827353,0.04677414894104004,0.0005355026805773377,0.00016313590458594263,0,0,0,0,0,0,False,False,0.0,SITL_0,-86.24,41.519408,0.0,0.0,0.0,0.0,2,STABILIZE
2017-07-18 12:24:26.121,STANDBY,0.0,12.587,100,0.00535953696817,0.04265406355261803,0.0005096101667732,0.00015273349708877504,0,0,0,0,0,0,False,False,0.0,SITL_0,-86.24,41.519408,0.0,0.0,0.0,0.01,2,STABILIZE
2017-07-18 12:24:26.221,STANDBY,0.0,12.587,100,0.00535953696817,0.04265406355261803,0.0005096101667732,0.00015273349708877504,0,0,0,0,0,0,False,False,0.0,SITL_0,-86.24,41.519408,0.0,0.0,0.0,0.01,2,STABILIZE
2017-07-18 12:24:26.321,STANDBY,0.0,12.587,100,0.00507397018373,0.038941651582717896,0.00048274514847435057,0.00013704795856028795,0,0,0,0,0,0,False,False,0.0,SITL_0,-86.24,41.519408,0.0,0.0,0.0,0.01,2,STABILIZE
2017-07-18 12:24:26.421,STANDBY,0.0,12.587,100,0.00507397018373,0.038941651582717896,0.00048274514847435057,0.00013704795856028795,0,0,0,0,0,0,False,False,0.0,SITL_0,-86.24,41.519408,0.0,0.0,0.0,0.01,2,STABILIZE
2017-07-18 12:24:26.521,STANDBY,0.0,12.587,100,0.00507397018373,0.038941651582717896,0.00048274514847435057,0.00013704795856028795,0,0,0,0,0,0,False,False,0.0,SITL_0,-86.24,41.519408,0.0,0.0,0.0,0.01,2,STABILIZE
2017-07-18 12:24:26.621,STANDBY,0.0,12.587,100,0.00466890120879,0.035646650940179825,0.0004307356139179319,0.00010875332372961566,0,0,0,0,0,0,False,False,0.0,SITL_0,-86.24,41.519408,0.01,0.0,0.0,0.01,2,STABILIZE
2017-07-18 12:24:26.721,STANDBY,0.0,12.587,100,0.00466890120879,0.035646650940179825,0.0004307356139179319,0.00010875332372961566,0,0,0,0,0,0,False,False,0.0,SITL_0,-86.24,41.519408,0.01,0.0,0.0,0.01,2,STABILIZE
2017-07-18 12:24:26.821,STANDBY,0.0,12.587,100,0.00408763391897,0.032701458781957626,0.0003811614296864718,8.245914796134457e-05,0,0,0,0,0,0,False,False,0.0,SITL_0,-86.24,41.519408,0.01,0.0,0.0,0.01,1,STABILIZE
2017-07-18 12:24:26.921,STANDBY,0.0,12.587,100,0.00408763391897,0.032701458781957626,0.0003811614296864718,8.245914796134457e-05,0,0,0,0,0,0,False,False,0.0,SITL_0,-86.24,41.519408,0.01,0.0,0.0,0.01,1,STABILIZE
2017-07-18 12:24:27.021,STANDBY,0.0,12.587,100,0.00408763391897,0.032701458781957626,0.0003811614296864718,8.245914796134457e-05,0,0,0,0,0,0,False,False,0.0,SITL_0,-86.24,41.519408,0.01,0.0,0.0,0.01,1,STABILIZE
2017-07-18 12:24:27.121,STANDBY,0.0,12.587,100,0.00344080175273,0.030092377215623856,0.00032939217635430396,7.801561150699854e-05,0,0,0,0,0,0,False,False,0.0,SITL_0,-86.24,41.519408,0.01,0.0,0.0,0.01,1,STABILIZE
2017-07-18 12:24:27.221,STANDBY,0.0,12.587,100,0.00344080175273,0.030092377215623856,0.00032939217635430396,7.801561150699854e-05,0,0,0,0,0,0,False,False,0.0,SITL_0,-86.24,41.519408,0.01,0.0,0.0,0.01,1,STABILIZE
2017-07-18 12:24:27.321,STANDBY,0.0,12.587,100,0.00281796208583,0.027790937572717667,0.00028921652119606733,7.039808406261727e-05,0,0,0,0,0,0,False,False,0.0,SITL_0,-86.24,41.519408,0.01,0.0,0.0,0.01,1,STABILIZE
2017-07-18 12:24:27.421,STANDBY,0.0,12.587,100,0.00281796208583,0.027790937572717667,0.00028921652119606733,7.039808406261727e-05,0,0,0,0,0,0,False,False,0.0,SITL_0,-86.24,41.519408,0.01,0.0,0.0,0.01,1,STABILIZE
2017-07-18 12:24:27.521,STANDBY,0.0,12.587,100,0.00281796208583,0.027790937572717667,0.00028921652119606733,7.039808406261727e-05,0,0,0,0,0,0,False,False,0.0,SITL_0,-86.24,41.519408,0.01,0.0,0.0,0.01,1,STABILIZE
2017-07-18 12:24:27.621,STANDBY,0.0,12.587,100,0.00235232105479,0.025801410898566246,0.00024388317251577973,6.56942866044119e-05,0,0,0,0,0,0,False,False,0.0,SITL_0,-86.24,41.519408,0.01,0.0,0.0,0.01,1,STABILIZE
2017-07-18 12:24:27.721,STANDBY,0.0,12.587,100,0.00235232105479,0.025801410898566246,0.00024388317251577973,6.56942866044119e-05,0,0,0,0,0,0,False,False,0.0,SITL_0,-86.24,41.519408,0.01,0.0,0.0,0.01,1,STABILIZE
2017-07-18 12:24:27.821,STANDBY,0.0,12.587,100,0.00191713054664,0.02407016046345234,0.0002049740869551897,5.5425949540222064e-05,0,0,0,0,0,0,False,False,0.0,SITL_0,-86.24,41.519408,0.01,0.0,0.0,0.01,1,STABILIZE
2017-07-18 12:24:27.921,STANDBY,0.0,12.587,100,0.00191713054664,0.02407016046345234,0.0002049740869551897,5.5425949540222064e-05,0,0,0,0,0,0,False,False,0.0,SITL_0,-86.24,41.519408,0.01,0.0,0.0,0.01,1,STABILIZE
2017-07-18 12:24:28.021,STANDBY,0.0,12.587,100,0.00147755024955,0.022585351020097733,0.00018552804249338806,4.6154782467056066e-05,0,0,0,0,0,0,False,False,0.0,SITL_0,-86.24,41.519408,0.01,0.0,0.0,0.01,1,STABILIZE
2017-07-18 12:24:28.121,STANDBY,0.0,12.587,100,0.00147755024955,0.022585351020097733,0.00018552804249338806,4.6154782467056066e-05,0,0,0,0,0,0,False,False,0.0,SITL_0,-86.24,41.519408,0.01,0.0,0.0,0.01,1,STABILIZE
2017-07-18 12:24:28.221,STANDBY,0.0,12.587,100,0.00147755024955,0.022585351020097733,0.00018552804249338806,4.6154782467056066e-05,0,0,0,0,0,0,False,False,0.0,SITL_0,-86.24,41.519408,0.01,0.0,0.0,0.01,1,STABILIZE
2017-07-18 12:24:28.321,STANDBY,0.0,12.587,100,0.001138726715,0.02132258005440235,0.00017489843594375998,4.9443475290900096e-05,0,0,0,0,0,0,False,False,0.0,SITL_0,-86.24,41.519408,0.01,0.0,0.0,0.01,1,STABILIZE
2017-07-18 12:24:28.421,STANDBY,0.0,12.587,100,0.001138726715,0.02132258005440235,0.00017489843594375998,4.9443475290900096e-05,0,0,0,0,0,0,False,False,0.0,SITL_0,-86.24,41.519408,0.01,0.0,0.0,0.01,1,STABILIZE
2017-07-18 12:24:28.521,STANDBY,0.0,12.587,100,0.001101763919,0.02026286907494068,0.00017603473679628223,6.273023609537631e-05,0,0,0,0,0,0,False,False,0.0,SITL_0,-86.24,41.519408,0.01,0.0,0.0,0.01,1,STABILIZE
2017-07-18 12:24:28.621,STANDBY,0.0,12.587,100,0.001101763919,0.02026286907494068,0.00017603473679628223,6.273023609537631e-05,0,0,0,0,0,0,False,False,0.0,SITL_0,-86.24,41.519408,0.01,0.0,0.0,0.01,1,STABILIZE
2017-07-18 12:24:28.721,STANDBY,0.0,12.587,100,0.001101763919,0.02026286907494068,0.00017603473679628223,6.273023609537631e-05,0,0,0,0,0,0,False,False,0.0,SITL_0,-86.24,41.519408,0.01,0.0,0.0,0.01,1,STABILIZE
2017-07-18 12:24:28.821,STANDBY,0.0,12.587,100,0.00127230794169,0.01936870627105236,0.00016654713544994593,5.821872764499858e-05,0,0,0,0,0,0,False,False,0.0,SITL_0,-86.24,41.519408,0.01,0.0,0.0,0.01,1,STABILIZE
2017-07-18 12:24:28.921,STANDBY,0.0,12.587,100,0.00127230794169,0.01936870627105236,0.00016654713544994593,5.821872764499858e-05,0,0,0,0,0,0,False,False,0.0,SITL_0,-86.24,41.519408,0.01,0.0,0.0,0.01,1,STABILIZE
2017-07-18 12:24:29.021,STANDBY,0.0,12.587,100,0.00137515238021,0.0186164490878582,0.0001605897705303505,5.889120075153187e-05,0,0,0,0,0,0,False,False,0.0,SITL_0,-86.24,41.519408,0.01,0.0,0.0,0.01,1,STABILIZE
2017-07-18 12:24:29.121,STANDBY,0.0,12.587,100,0.00137515238021,0.0186164490878582,0.0001605897705303505,5.889120075153187e-05,0,0,0,0,0,0,False,False,0.0,SITL_0,-86.24,41.519408,0.01,0.0,0.0,0.01,1,STABILIZE
2017-07-18 12:24:29.221,STANDBY,0.0,12.587,100,0.00149048818275,0.018017420545220375,0.00015780959802214056,7.465634553227574e-05,0,0,0,0,0,0,False,False,0.0,SITL_0,-86.24,41.519408,0.01,0.0,0.0,0.01,1,STABILIZE
2017-07-18 12:24:29.321,STANDBY,0.0,12.587,100,0.00149048818275,0.018017420545220375,0.00015780959802214056,7.465634553227574e-05,0,0,0,0,0,0,False,False,0.0,SITL_0,-86.24,41.519408,0.01,0.0,0.0,0.01,1,STABILIZE
2017-07-18 12:24:29.421,STANDBY,0.0,12.587,100,0.00149048818275,0.018017420545220375,0.00015780959802214056,7.465634553227574e-05,0,0,0,0,0,0,False,False,0.0,SITL_0,-86.24,41.519408,0.01,0.0,0.0,0.01,1,STABILIZE
2017-07-18 12:24:29.521,STANDBY,0.0,12.587,100,0.00154033454601,0.01751953735947609,0.00014176880358718336,8.11494974186644e-05,0,0,0,0,0,0,False,False,0.0,SITL_0,-86.24,41.519408,0.01,0.0,0.0,0.01,1,STABILIZE
2017-07-18 12:24:29.621,STANDBY,0.0,12.587,100,0.00154033454601,0.01751953735947609,0.00014176880358718336,8.11494974186644e-05,0,0,0,0,0,0,False,False,0.0,SITL_0,-86.24,41.519408,0.01,0.0,0.0,0.01,1,STABILIZE
2017-07-18 12:24:29.721,STANDBY,0.0,12.587,100,0.00171994732227,0.0171430092304945,0.0001581770193297416,8.635730773676187e-05,0,0,0,0,0,0,False,False,0.0,SITL_0,-86.24,41.519408,0.01,0.0,0.0,0.0,0,STABILIZE
2017-07-18 12:24:29.821,STANDBY,0.0,12.587,100,0.00171994732227,0.0171430092304945,0.0001581770193297416,8.635730773676187e-05,0,0,0,0,0,0,False,False,0.0,SITL_0,-86.24,41.519408,0.01,0.0,0.0,0.0,0,STABILIZE
2017-07-18 12:24:29.921,STANDBY,0.0,12.587,100,0.00171994732227,0.0171430092304945,0.0001581770193297416,8.635730773676187e-05,0,0,0,0,0,0,False,False,0.0,SITL_0,-86.24,41.519408,0.01,0.0,0.0,0.0,0,STABILIZE
2017-07-18 12:24:30.021,STANDBY,0.0,12.587,100,0.00193047884386,0.016845494508743286,0.00015950881061144173,9.464259346714243e-05,0,0,0,0,0,0,False,False,0.0,SITL_0,-86.24,41.519408,0.01,0.0,0.0,0.0,0,STABILIZE
2017-07-18 12:24:30.121,STANDBY,0.0,12.587,100,0.00193047884386,0.016845494508743286,0.00015950881061144173,9.464259346714243e-05,0,0,0,0,0,0,False,False,0.0,SITL_0,-86.24,41.519408,0.01,0.0,0.0,0.0,0,STABILIZE
2017-07-18 12:24:30.221,STANDBY,0.0,12.587,100,0.00195658160374,0.016627788543701172,0.00016153461183421314,9.940858581103384e-05,0,0,0,0,0,0,False,False,0.0,SITL_0,-86.24,41.519408,0.01,0.0,0.0,0.0,0,STABILIZE
2017-07-18 12:24:30.321,STANDBY,0.0,12.587,100,0.00195658160374,0.016627788543701172,0.00016153461183421314,9.940858581103384e-05,0,0,0,0,0,0,False,False,0.0,SITL_0,-86.24,41.519408,0.01,0.0,0.0,0.0,0,STABILIZE
2017-07-18 12:24:30.421,STANDBY,0.0,12.587,100,0.00207968731411,0.016486259177327156,0.0001705359318293631,0.0001060088980011642,0,0,0,0,0,0,False,False,0.0,SITL_0,-86.24,41.519408,0.01,0.0,0.0,0.0,0,STABILIZE
2017-07-18 12:24:30.521,STANDBY,0.0,12.587,100,0.00207968731411,0.016486259177327156,0.0001705359318293631,0.0001060088980011642,0,0,0,0,0,0,False,False,0.0,SITL_0,-86.24,41.519408,0.01,0.0,0.0,0.0,0,STABILIZE
2017-07-18 12:24:30.621,STANDBY,0.0,12.587,100,0.00207968731411,0.016486259177327156,0.0001705359318293631,0.0001060088980011642,0,0,0,0,0,0,False,False,0.0,SITL_0,-86.24,41.519408,0.01,0.0,0.0,0.0,0,STABILIZE
2017-07-18 12:24:30.721,STANDBY,0.0,12.587,100,0.0021970171947,0.01639573462307453,0.00018241489306092262,0.00012106852955184877,0,0,0,0,0,0,False,False,0.0,SITL_0,-86.24,41.519408,0.01,0.0,0.0,0.0,0,STABILIZE
2017-07-18 12:24:30.821,STANDBY,0.0,12.587,100,0.0021970171947,0.01639573462307453,0.00018241489306092262,0.00012106852955184877,0,0,0,0,0,0,False,False,0.0,SITL_0,-86.24,41.519408,0.01,0.0,0.0,0.0,0,STABILIZE
2017-07-18 12:24:30.921,STANDBY,0.0,12.587,100,0.00230490951799,0.016347022727131844,0.00019057121244259179,0.0001366150245303288,0,0,0,0,0,0,False,False,0.0,SITL_0,-86.24,41.519408,0.01,0.0,0.0,0.0,0,STABILIZE
2017-07-18 12:24:31.021,STANDBY,0.0,12.587,100,0.00230490951799,0.016347022727131844,0.00019057121244259179,0.0001366150245303288,0,0,0,0,0,0,False,False,0.0,SITL_0,-86.24,41.519408,0.01,0.0,0.0,0.0,0,STABILIZE
2017-07-18 12:24:31.121,STANDBY,0.0,12.587,100,0.00230490951799,0.016347022727131844,0.00019057121244259179,0.0001366150245303288,0,0,0,0,0,0,False,False,0.0,SITL_0,-86.24,41.519408,0.01,0.0,0.0,0.0,0,STABILIZE
2017-07-18 12:24:31.221,STANDBY,0.0,12.587,100,0.0025535018649,0.016329480335116386,0.00019918403995689005,0.00014748016837984324,0,0,0,0,0,0,False,False,0.0,SITL_0,-86.24,41.519408,0.0,0.0,0.0,0.0,0,STABILIZE
2017-07-18 12:24:31.321,STANDBY,0.0,12.587,100,0.0025535018649,0.016329480335116386,0.00019918403995689005,0.00014748016837984324,0,0,0,0,0,0,False,False,0.0,SITL_0,-86.24,41.519408,0.0,0.0,0.0,0.0,0,STABILIZE
2017-07-18 12:24:31.421,STANDBY,0.0,12.587,100,0.00262761954218,0.01635662280023098,0.00021713488968089223,0.00014533459034282714,0,0,0,0,0,0,False,False,0.0,SITL_0,-86.24,41.519408,0.0,0.0,0.0,0.0,0,STABILIZE
2017-07-18 12:24:31.521,STANDBY,0.0,12.587,100,0.00262761954218,0.01635662280023098,0.00021713488968089223,0.00014533459034282714,0,0,0,0,0,0,False,False,0.0,SITL_0,-86.24,41.519408,0.0,0.0,0.0,0.0,0,STABILIZE
2017-07-18 12:24:31.621,STANDBY,0.0,12.587,100,0.00289319991134,0.016416657716035843,0.00023837829940021038,0.0001492183655500412,0,0,0,0,0,0,False,False,0.0,SITL_0,-86.24,41.519408,0.0,0.0,0.0,0.0,0,STABILIZE
2017-07-18 12:24:31.721,STANDBY,0.0,12.587,100,0.00289319991134,0.016416657716035843,0.00023837829940021038,0.0001492183655500412,0,0,0,0,0,0,False,False,0.0,SITL_0,-86.24,41.519408,0.0,0.0,0.0,0.0,0,STABILIZE
2017-07-18 12:24:31.821,STANDBY,0.0,12.587,100,0.00289319991134,0.016416657716035843,0.00023837829940021038,0.0001492183655500412,0,0,0,0,0,0,False,False,0.0,SITL_0,-86.24,41.519408,0.0,0.0,0.0,0.0,0,STABILIZE
2017-07-18 12:24:31.921,STANDBY,0.0,12.587,100,0.00306499679573,0.016496408730745316,0.0002588158240541816,0.00016442238120362163,0,0,0,0,0,0,False,False,0.0,SITL_0,-86.24,41.519408,0.0,0.0,0.0,0.0,0,STABILIZE
2017-07-18 12:24:32.021,STANDBY,0.0,12.587,100,0.00306499679573,0.016496408730745316,0.0002588158240541816,0.00016442238120362163,0,0,0,0,0,0,False,False,0.0,SITL_0,-86.24,41.519408,0.0,0.0,0.0,0.0,0,STABILIZE
2017-07-18 12:24:32.121,STANDBY,0.0,12.587,100,0.00332256103866,0.016611585393548012,0.00027277154731564224,0.00018418797117192298,0,0,0,0,0,0,False,False,0.0,SITL_0,-86.24,41.519408,0.0,0.0,0.0,0.0,0,STABILIZE
2017-07-18 12:24:32.221,STANDBY,0.0,12.587,100,0.00332256103866,0.016611585393548012,0.00027277154731564224,0.00018418797117192298,0,0,0,0,0,0,False,False,0.0,SITL_0,-86.24,41.519408,0.0,0.0,0.0,0.0,0,STABILIZE
2017-07-18 12:24:32.321,STANDBY,0.0,12.587,100,0.00332256103866,0.016611585393548012,0.00027277154731564224,0.00018418797117192298,0,0,0,0,0,0,False,False,0.0,SITL_0,-86.24,41.519408,0.0,0.0,0.0,0.0,0,STABILIZE
2017-07-18 12:24:32.420,STANDBY,0.0,12.587,100,0.00354426517151,0.01675921492278576,0.0002877797815017402,0.00019140048243571073,0,0,0,0,0,0,False,False,0.0,SITL_0,-86.24,41.519408,0.0,0.0,0.0,0.0,0,STABILIZE
2017-07-18 12:24:32.521,STANDBY,0.0,12.587,100,0.00354426517151,0.01675921492278576,0.0002877797815017402,0.00019140048243571073,0,0,0,0,0,0,False,False,0.0,SITL_0,-86.24,41.519408,0.0,0.0,0.0,0.0,0,STABILIZE
2017-07-18 12:24:32.621,STANDBY,0.0,12.587,100,0.00384812173434,0.016929153352975845,0.00030067539773881435,0.00020006664271932095,0,0,0,0,0,0,False,False,0.0,SITL_0,-86.24,41.519408,0.0,0.0,0.0,0.0,0,STABILIZE
2017-07-18 12:24:32.721,STANDBY,0.0,12.587,100,0.00384812173434,0.016929153352975845,0.00030067539773881435,0.00020006664271932095,0,0,0,0,0,0,False,False,0.0,SITL_0,-86.24,41.519408,0.0,0.0,0.0,0.0,0,STABILIZE
2017-07-18 12:24:32.821,STANDBY,0.0,12.587,100,0.00425929063931,0.017100229859352112,0.0003126107039861381,0.00021320981613826007,0,0,0,0,0,0,False,False,0.0,SITL_0,-86.24,41.519408,0.0,0.0,0.0,0.0,0,STABILIZE
2017-07-18 12:24:32.921,STANDBY,0.0,12.587,100,0.00425929063931,0.017100229859352112,0.0003126107039861381,0.00021320981613826007,0,0,0,0,0,0,False,False,0.0,SITL_0,-86.24,41.519408,0.0,0.0,0.0,0.0,0,STABILIZE
2017-07-18 12:24:33.021,STANDBY,0.0,12.587,100,0.00425929063931,0.017100229859352112,0.0003126107039861381,0.00021320981613826007,0,0,0,0,0,0,False,False,0.0,SITL_0,-86.24,41.519408,0.0,0.0,0.0,0.0,0,STABILIZE
2017-07-18 12:24:33.121,STANDBY,0.0,12.587,100,0.00458375457674,0.01726938597857952,0.00032947337604127824,0.00022825125779490918,0,0,0,0,0,0,False,False,0.0,SITL_0,-86.24,41.519408,0.0,0.0,0.0,0.0,0,STABILIZE
2017-07-18 12:24:33.221,STANDBY,0.0,12.587,100,0.00458375457674,0.01726938597857952,0.00032947337604127824,0.00022825125779490918,0,0,0,0,0,0,False,False,0.0,SITL_0,-86.24,41.519408,0.0,0.0,0.0,0.0,0,STABILIZE
2017-07-18 12:24:33.321,STANDBY,0.0,12.587,100,0.00504638440907,0.017429472878575325,0.00035489187575876713,0.00023086619330570102,0,0,0,0,0,0,False,False,0.0,SITL_0,-86.24,41.519408,0.0,0.0,0.0,0.0,0,STABILIZE
2017-07-18 12:24:33.421,STANDBY,0.0,12.587,100,0.00504638440907,0.017429472878575325,0.00035489187575876713,0.00023086619330570102,0,0,0,0,0,0,False,False,0.0,SITL_0,-86.24,41.519408,0.0,0.0,0.0,0.0,0,STABILIZE
2017-07-18 12:24:33.521,STANDBY,0.0,12.587,100,0.00537313520908,0.01761086843907833,0.00036163892946206033,0.00023856527695897967,0,0,0,0,0,0,False,False,0.0,SITL_0,-86.24,41.519408,0.0,0.0,0.0,0.0,1,STABILIZE
2017-07-18 12:24:33.621,STANDBY,0.0,12.587,100,0.00537313520908,0.01761086843907833,0.00036163892946206033,0.00023856527695897967,0,0,0,0,0,0,False,False,0.0,SITL_0,-86.24,41.519408,0.0,0.0,0.0,0.0,1,STABILIZE
2017-07-18 12:24:33.721,STANDBY,0.0,12.587,100,0.00537313520908,0.01761086843907833,0.00036163892946206033,0.00023856527695897967,-86.24,41.519408,0.0,0,0,0,False,False,0.0,SITL_0,-86.24,41.519408,0.0,0.0,0.0,0.0,1,STABILIZE
2017-07-18 12:24:33.821,STANDBY,0.0,12.587,100,0.00579626252875,0.017799988389015198,0.00037166630499996245,0.0002582634915597737,-86.24,41.519408,0.0,0,0,0,False,False,0.0,SITL_0,-86.24,41.519408,0.09,0.0,0.0,0.0,1,STABILIZE
2017-07-18 12:24:33.921,STANDBY,0.0,12.587,100,0.00579626252875,0.017799988389015198,0.00037166630499996245,0.0002582634915597737,-86.24,41.519408,0.0,0,0,0,False,False,0.0,SITL_0,-86.24,41.519408,0.09,0.0,0.0,0.0,1,STABILIZE
2017-07-18 12:24:34.021,STANDBY,0.0,12.587,100,0.00623521162197,0.018000805750489235,0.0003848237101919949,0.00025800667935982347,-86.24,41.519408,0.0,0,0,0,False,False,0.0,SITL_0,-86.24,41.519408,0.09,0.0,0.0,0.0,1,STABILIZE
2017-07-18 12:24:34.121,STANDBY,0.0,12.587,100,0.00623521162197,0.018000805750489235,0.0003848237101919949,0.00025800667935982347,-86.24,41.519408,0.0,0,0,0,False,False,0.0,SITL_0,-86.24,41.519408,0.09,0.0,0.0,0.0,1,STABILIZE
2017-07-18 12:24:34.221,STANDBY,0.0,12.587,100,0.00623521162197,0.018000805750489235,0.0003848237101919949,0.00025800667935982347,-86.24,41.519408,0.0,0,0,0,False,False,0.0,SITL_0,-86.24,41.519408,0.09,0.0,0.0,0.0,1,STABILIZE
2017-07-18 12:24:34.321,STANDBY,0.0,12.587,100,0.00645044026896,0.01820739172399044,0.00038862047949805856,0.0002643207844812423,-86.24,41.519408,0.0,0,0,0,False,False,0.0,SITL_0,-86.24,41.519408,0.09,0.0,0.0,0.0,1,STABILIZE
2017-07-18 12:24:34.421,STANDBY,0.0,12.587,100,0.00645044026896,0.01820739172399044,0.00038862047949805856,0.0002643207844812423,-86.24,41.519408,0.0,0,0,0,False,False,0.0,SITL_0,-86.24,41.519408,0.09,0.0,0.0,0.0,1,STABILIZE
2017-07-18 12:24:34.521,STANDBY,0.0,12.587,100,0.0067179906182,0.0184386745095253,0.00040412749513052404,0.0002813230676110834,-86.24,41.519408,0.0,0,0,0,False,False,0.0,SITL_0,-86.24,41.519408,0.09,0.0,0.0,0.0,1,STABILIZE
2017-07-18 12:24:34.621,STANDBY,0.0,12.587,100,0.0067179906182,0.0184386745095253,0.00040412749513052404,0.0002813230676110834,-86.24,41.519408,0.0,0,0,0,False,False,0.0,SITL_0,-86.24,41.519408,0.09,0.0,0.0,0.0,1,STABILIZE
2017-07-18 12:24:34.721,STANDBY,0.0,12.587,100,0.0067179906182,0.0184386745095253,0.00040412749513052404,0.0002813230676110834,-86.24,41.519408,0.0,0,0,0,False,False,0.0,SITL_0,-86.24,41.519408,0.09,0.0,0.0,0.0,1,STABILIZE
2017-07-18 12:24:34.821,STANDBY,0.0,12.587,100,0.0070205302909,0.018640834838151932,0.0004075864562764764,0.0002915056829806417,-86.24,41.519408,0.0,0,0,0,False,False,0.0,SITL_0,-86.24,41.519408,0.09,0.0,0.0,0.0,1,STABILIZE
2017-07-18 12:24:34.921,STANDBY,0.0,12.587,100,0.0070205302909,0.018640834838151932,0.0004075864562764764,0.0002915056829806417,-86.24,41.519408,0.0,0,0,0,False,False,0.0,SITL_0,-86.24,41.519408,0.09,0.0,0.0,0.0,1,STABILIZE
2017-07-18 12:24:35.021,STANDBY,0.0,12.587,100,0.00733176665381,0.018844908103346825,0.0004109581059310585,0.000290037045488134,-86.24,41.519408,0.0,0,0,0,False,False,0.0,SITL_0,-86.24,41.519408,0.09,0.0,0.0,0.0,1,STABILIZE
2017-07-18 12:24:35.121,STANDBY,0.0,12.587,100,0.00733176665381,0.018844908103346825,0.0004109581059310585,0.000290037045488134,-86.24,41.519408,0.0,0,0,0,False,False,0.0,SITL_0,-86.24,41.519408,0.09,0.0,0.0,0.0,1,STABILIZE
2017-07-18 12:24:35.221,STANDBY,0.0,12.587,100,0.00774928880855,0.01903979480266571,0.000419245392549783,0.0003027980274055153,-86.24,41.519408,0.0,0,0,0,False,False,0.0,SITL_0,-86.24,41.519408,0.09,0.0,0.0,0.0,1,STABILIZE
2017-07-18 12:24:35.321,STANDBY,0.0,12.587,100,0.00774928880855,0.01903979480266571,0.000419245392549783,0.0003027980274055153,-86.24,41.519408,0.0,0,0,0,False,False,0.0,SITL_0,-86.24,41.519408,0.09,0.0,0.0,0.0,1,STABILIZE
2017-07-18 12:24:35.421,STANDBY,0.0,12.587,100,0.00774928880855,0.01903979480266571,0.000419245392549783,0.0003027980274055153,-86.24,41.519408,0.0,0,0,0,False,False,0.0,SITL_0,-86.24,41.519408,0.09,0.0,0.0,0.0,1,STABILIZE
